[
  {
    "id": "317f408d-1bb7-468c-bb6f-bd22247a1afd",
    "data": [
      {
        "text": "Post a message",
        "userDefined": false
      }
    ],
    "isTemplate": false,
    "count": 0,
    "lang": "en",
    "updated": 0
  },
  {
    "id": "f8863217-efb9-41de-a710-3e4746aff07d",
    "data": [
      {
        "text": "Make a post",
        "userDefined": false
      }
    ],
    "isTemplate": false,
    "count": 0,
    "lang": "en",
    "updated": 0
  },
  {
    "id": "b15225a1-6266-4a57-a189-44de176bebb7",
    "data": [
      {
        "text": "Create a post",
        "userDefined": false
      }
    ],
    "isTemplate": false,
    "count": 0,
    "lang": "en",
    "updated": 0
  }
]