[
  {
    "id": "8f6aa9ff-1255-435b-b81d-a6c3f65c37c2",
    "data": [
      {
        "text": "remove from ",
        "userDefined": false
      },
      {
        "text": "chatroom",
        "userDefined": false
      }
    ],
    "isTemplate": false,
    "count": 0,
    "lang": "en",
    "updated": 0
  },
  {
    "id": "36719fbb-550d-4b37-b7f0-47b3b32d1516",
    "data": [
      {
        "text": "delete a message",
        "userDefined": false
      }
    ],
    "isTemplate": false,
    "count": 0,
    "lang": "en",
    "updated": 0
  },
  {
    "id": "d8907d9a-e610-4ca4-8e96-2e7846d50905",
    "data": [
      {
        "text": "get rid of a message",
        "userDefined": false
      }
    ],
    "isTemplate": false,
    "count": 0,
    "lang": "en",
    "updated": 0
  },
  {
    "id": "4e31af5d-4fcd-4aa0-bfa0-b74d4dd08e8b",
    "data": [
      {
        "text": "remove a post",
        "userDefined": false
      }
    ],
    "isTemplate": false,
    "count": 0,
    "lang": "en",
    "updated": 0
  },
  {
    "id": "199535fc-220c-4990-aad3-9c84222cdcc6",
    "data": [
      {
        "text": "delete",
        "userDefined": false
      }
    ],
    "isTemplate": false,
    "count": 0,
    "lang": "en",
    "updated": 0
  },
  {
    "id": "52b2539a-95a7-4750-94a4-db95cfa56cc8",
    "data": [
      {
        "text": "delete a post",
        "userDefined": false
      }
    ],
    "isTemplate": false,
    "count": 0,
    "lang": "en",
    "updated": 0
  }
]