[
  {
    "id": "88353ec6-75a3-4d98-acc2-6bfacc761ae3",
    "data": [
      {
        "text": "What\u0027s up in ",
        "userDefined": false
      },
      {
        "text": "Olbrich",
        "meta": "@Chatroom",
        "alias": "chatroom",
        "userDefined": false
      }
    ],
    "isTemplate": false,
    "count": 0,
    "lang": "en",
    "updated": 0
  },
  {
    "id": "76e1aaf4-1f7e-404e-b69d-cc6f61a818e5",
    "data": [
      {
        "text": "What are the latest messages in ",
        "userDefined": false
      },
      {
        "text": "Chazen",
        "meta": "@Chatroom",
        "alias": "chatroom",
        "userDefined": true
      }
    ],
    "isTemplate": false,
    "count": 0,
    "lang": "en",
    "updated": 0
  },
  {
    "id": "671a3088-4ece-4fca-b4e2-16aa2704c87f",
    "data": [
      {
        "text": "Get me the ",
        "userDefined": false
      },
      {
        "text": "3",
        "meta": "@sys.number",
        "alias": "numMessages",
        "userDefined": false
      },
      {
        "text": " latest messages in ",
        "userDefined": false
      },
      {
        "text": "MemorialTerrace",
        "meta": "@Chatroom",
        "alias": "chatroom",
        "userDefined": true
      }
    ],
    "isTemplate": false,
    "count": 0,
    "lang": "en",
    "updated": 0
  },
  {
    "id": "c5f15ec7-caf8-44a8-83f2-3d0d1c500901",
    "data": [
      {
        "text": "Get me the the latest messages",
        "userDefined": false
      }
    ],
    "isTemplate": false,
    "count": 0,
    "lang": "en",
    "updated": 0
  }
]