[
  {
    "id": "259e493b-0714-48e2-98c7-8f2abb5dd821",
    "data": [
      {
        "text": "Help me with the list of chatroom names",
        "userDefined": false
      }
    ],
    "isTemplate": false,
    "count": 0,
    "lang": "en",
    "updated": 0
  },
  {
    "id": "845f049e-3442-4d32-8ee1-826ed570a15b",
    "data": [
      {
        "text": "What are the chatroom names",
        "userDefined": false
      }
    ],
    "isTemplate": false,
    "count": 0,
    "lang": "en",
    "updated": 0
  },
  {
    "id": "f3e1f6bf-113d-4e86-8bce-de72f0bd18dc",
    "data": [
      {
        "text": "Print out the chatrooms",
        "userDefined": false
      }
    ],
    "isTemplate": false,
    "count": 0,
    "lang": "en",
    "updated": 0
  },
  {
    "id": "193f636d-767f-4381-bd62-7a7473a5f285",
    "data": [
      {
        "text": "List the names of all the chatrooms",
        "userDefined": false
      }
    ],
    "isTemplate": false,
    "count": 0,
    "lang": "en",
    "updated": 0
  },
  {
    "id": "35f476d3-61bd-4c33-8292-4a303c74189e",
    "data": [
      {
        "text": "Get me the list of chatroom names",
        "userDefined": false
      }
    ],
    "isTemplate": false,
    "count": 0,
    "lang": "en",
    "updated": 0
  }
]