[
  {
    "id": "208bb712-e94c-42c4-9d24-b54c9f491b4c",
    "data": [
      {
        "text": "in ",
        "userDefined": false
      },
      {
        "text": "bascom hill chatters",
        "meta": "@Chatroom",
        "alias": "chatroom",
        "userDefined": true
      },
      {
        "text": ", what time was the last post",
        "userDefined": false
      }
    ],
    "isTemplate": false,
    "count": 0,
    "lang": "en",
    "updated": 0
  },
  {
    "id": "167cf229-9bad-4d5e-9238-19d05abe11b1",
    "data": [
      {
        "text": "in ",
        "userDefined": false
      },
      {
        "text": "bascom hill chatters",
        "meta": "@Chatroom",
        "alias": "chatroom",
        "userDefined": true
      },
      {
        "text": ", what day was the last post",
        "userDefined": false
      }
    ],
    "isTemplate": false,
    "count": 0,
    "lang": "en",
    "updated": 0
  },
  {
    "id": "3d192520-946b-4628-b339-09884a98df9a",
    "data": [
      {
        "text": "in ",
        "userDefined": false
      },
      {
        "text": "bascom hill chatters",
        "meta": "@Chatroom",
        "alias": "chatroom",
        "userDefined": true
      },
      {
        "text": ", when was the last post",
        "userDefined": false
      }
    ],
    "isTemplate": false,
    "count": 0,
    "lang": "en",
    "updated": 0
  },
  {
    "id": "4a99adf5-4d45-410e-b0fc-1daffa5b2638",
    "data": [
      {
        "text": "when was the last post in ",
        "userDefined": false
      },
      {
        "text": "bascom hill chatters",
        "meta": "@Chatroom",
        "alias": "chatroom",
        "userDefined": true
      }
    ],
    "isTemplate": false,
    "count": 0,
    "lang": "en",
    "updated": 0
  }
]