[
  {
    "id": "4e9cf954-f65f-4ded-a3f9-97554980ce50",
    "data": [
      {
        "text": "help me",
        "userDefined": false
      }
    ],
    "isTemplate": false,
    "count": 0,
    "lang": "en",
    "updated": 0
  },
  {
    "id": "7943c8e3-ff03-46ac-9fb6-d30cd0a14dd8",
    "data": [
      {
        "text": "directions",
        "userDefined": false
      }
    ],
    "isTemplate": false,
    "count": 0,
    "lang": "en",
    "updated": 0
  },
  {
    "id": "fc745e8b-464c-4874-b03f-a3d73f7d93f5",
    "data": [
      {
        "text": "instructions",
        "userDefined": false
      }
    ],
    "isTemplate": false,
    "count": 0,
    "lang": "en",
    "updated": 0
  },
  {
    "id": "0fa3f1af-d803-4e8f-985d-68be847dead0",
    "data": [
      {
        "text": "what commands are there",
        "userDefined": false
      }
    ],
    "isTemplate": false,
    "count": 0,
    "lang": "en",
    "updated": 0
  },
  {
    "id": "01be0ef8-3cc2-4007-ae66-01cf70806fac",
    "data": [
      {
        "text": "what commands can i type",
        "userDefined": false
      }
    ],
    "isTemplate": false,
    "count": 0,
    "lang": "en",
    "updated": 0
  },
  {
    "id": "c802e494-77df-4036-911f-9ffc9e44c97a",
    "data": [
      {
        "text": "how does this work",
        "userDefined": false
      }
    ],
    "isTemplate": false,
    "count": 0,
    "lang": "en",
    "updated": 0
  },
  {
    "id": "aa15b3b1-f028-4241-b9b4-4b7c0994ba89",
    "data": [
      {
        "text": "what can i do",
        "userDefined": false
      }
    ],
    "isTemplate": false,
    "count": 0,
    "lang": "en",
    "updated": 0
  },
  {
    "id": "b3167e34-74eb-4f9e-87bd-4c31ba5d8c54",
    "data": [
      {
        "text": "get help",
        "userDefined": false
      }
    ],
    "isTemplate": false,
    "count": 0,
    "lang": "en",
    "updated": 0
  },
  {
    "id": "51016813-5ad6-4671-be9e-679d277b16fc",
    "data": [
      {
        "text": "help",
        "userDefined": false
      }
    ],
    "isTemplate": false,
    "count": 0,
    "lang": "en",
    "updated": 0
  }
]