[
  {
    "id": "3fa1959b-b544-474b-8261-fc2d6db8b92e",
    "data": [
      {
        "text": "sign me into my account please",
        "userDefined": false
      }
    ],
    "isTemplate": false,
    "count": 0,
    "lang": "en",
    "updated": 0
  },
  {
    "id": "828f2dfc-0802-4b22-ad8b-8e79c1cc4e06",
    "data": [
      {
        "text": "log in to my account",
        "userDefined": false
      }
    ],
    "isTemplate": false,
    "count": 0,
    "lang": "en",
    "updated": 0
  },
  {
    "id": "b0696096-9bcb-460d-abbb-a59596202a77",
    "data": [
      {
        "text": "i would like to log in",
        "userDefined": false
      }
    ],
    "isTemplate": false,
    "count": 0,
    "lang": "en",
    "updated": 0
  },
  {
    "id": "f80f7dbf-cbf6-416c-9f36-b077eca8599b",
    "data": [
      {
        "text": "sign me in",
        "userDefined": false
      }
    ],
    "isTemplate": false,
    "count": 0,
    "lang": "en",
    "updated": 0
  },
  {
    "id": "7c853ceb-2bcf-41eb-bf1f-4aa8657ec4c8",
    "data": [
      {
        "text": "login",
        "userDefined": false
      }
    ],
    "isTemplate": false,
    "count": 0,
    "lang": "en",
    "updated": 0
  }
]