[
  {
    "id": "8edfb1a6-7845-4832-a68d-322cae881db4",
    "data": [
      {
        "text": "signup for an account",
        "userDefined": false
      }
    ],
    "isTemplate": false,
    "count": 0,
    "lang": "en",
    "updated": 0
  },
  {
    "id": "f16595da-8dc3-42f7-8605-a92ce99d3a08",
    "data": [
      {
        "text": "register an account",
        "userDefined": false
      }
    ],
    "isTemplate": false,
    "count": 0,
    "lang": "en",
    "updated": 0
  },
  {
    "id": "6423c6d6-eabd-48be-87c3-c6fb32900548",
    "data": [
      {
        "text": "register a user",
        "userDefined": false
      }
    ],
    "isTemplate": false,
    "count": 0,
    "lang": "en",
    "updated": 0
  }
]