[
  {
    "value": "Bascom Hill Chatters",
    "synonyms": [
      "Bascom Hill Chatters",
      "Bascom"
    ]
  },
  {
    "value": "Memorial Union Hangout",
    "synonyms": [
      "Memorial Union Hangout",
      "Memorial"
    ]
  },
  {
    "value": "Lake Mendota Viewpoint",
    "synonyms": [
      "Lake Mendota Viewpoint",
      "Lake"
    ]
  },
  {
    "value": "State Street Strollers",
    "synonyms": [
      "State Street Strollers",
      "State"
    ]
  },
  {
    "value": "Camp Randall Roar",
    "synonyms": [
      "Camp Randall Roar",
      "Camp"
    ]
  },
  {
    "value": "Aldo Leopold Nature Talks",
    "synonyms": [
      "Aldo Leopold Nature Talks",
      "Aldo"
    ]
  },
  {
    "value": "Wisconsin State Capitol Debates",
    "synonyms": [
      "Wisconsin State Capitol Debates",
      "Wisconsin"
    ]
  },
  {
    "value": "Monona Terrace Meetups Chatroom",
    "synonyms": [
      "Monona Terrace Meetups Chatroom",
      "Monona"
    ]
  },
  {
    "value": "Henry Vilas Zoo Enthusiasts",
    "synonyms": [
      "Henry Vilas Zoo Enthusiasts",
      "Henry"
    ]
  },
  {
    "value": "Chazen Art Appreciation",
    "synonyms": [
      "Chazen Art Appreciation",
      "Chazen"
    ]
  }
]